Year,Language,Pop,Pop_UsPct,Lang_Pop,Lang_Pop_UsPct,Eng_LesVw_Pop,Eng_LesVw_Pop_UsPct,HEdu_Pop,HEdu_UsPct,HEdu_Pct,HEdu_Ratio,Med_Inc,Inc_Ratio,Pvt_Pct,Pvt_Ratio
1958,Chinese,162925,0.001,NA,NA,NA,NA,13236,0.002,0.127,1.79,3248,0.99,0.215,0.84
1959,Chinese,202762,0.0012,NA,NA,NA,NA,19083,0.0026,0.158,2.05,4488,0.99,0.173,0.85
1960,Chinese,237292,0.0013,NA,NA,NA,NA,23901,0.0031,0.183,2.26,5538,0.99,0.141,0.87
1961,Chinese,267160,0.0014,NA,NA,NA,NA,27863,0.0035,0.202,2.41,6419,1,0.118,0.89
1962,Chinese,293023,0.0015,NA,NA,NA,NA,31165,0.0038,0.217,2.51,7155,1.01,0.103,0.91
1963,Chinese,315541,0.0016,NA,NA,NA,NA,34010,0.004,0.227,2.56,7767,1.02,0.095,0.93
1964,Chinese,335377,0.0017,NA,NA,NA,NA,36603,0.0042,0.234,2.58,8281,1.03,0.092,0.95
1965,Chinese,353191,0.0018,NA,NA,NA,NA,39146,0.0043,0.239,2.57,8720,1.05,0.094,0.98
1966,Chinese,369643,0.0018,NA,NA,NA,NA,41843,0.0044,0.242,2.53,9107,1.06,0.1,1
1967,Chinese,385396,0.0019,NA,NA,NA,NA,44898,0.0045,0.245,2.49,9466,1.08,0.108,1.02
1968,Chinese,401109,0.002,NA,NA,NA,NA,48514,0.0046,0.248,2.43,9820,1.09,0.116,1.05
1969,Chinese,417444,0.002,NA,NA,NA,NA,52893,0.0047,0.251,2.38,10194,1.11,0.125,1.07
1970,Chinese,435062,0.0021,345431,0.0017,NA,NA,58241,0.0048,0.256,2.33,10610,1.12,0.133,1.09
1971,Chinese,454609,0.0022,320631,0.0016,NA,NA,64731,0.005,0.263,2.3,11090,1.13,0.139,1.11
1972,Chinese,476670,0.0023,306498,0.0015,NA,NA,72426,0.0052,0.273,2.27,11642,1.14,0.143,1.13
1973,Chinese,501816,0.0024,302504,0.0015,NA,NA,81359,0.0055,0.283,2.26,12276,1.15,0.145,1.14
1974,Chinese,530619,0.0025,308120,0.0015,NA,NA,91563,0.0058,0.295,2.26,12997,1.15,0.145,1.15
1975,Chinese,563649,0.0026,322817,0.0016,NA,NA,103073,0.0062,0.308,2.26,13812,1.16,0.145,1.16
1976,Chinese,601476,0.0028,346065,0.0017,NA,NA,115920,0.0066,0.321,2.26,14730,1.16,0.144,1.17
1977,Chinese,644672,0.0029,377337,0.0018,NA,NA,130139,0.007,0.334,2.26,15756,1.17,0.142,1.17
1978,Chinese,693807,0.0031,416102,0.0019,NA,NA,145763,0.0074,0.346,2.27,16899,1.17,0.139,1.17
1979,Chinese,749452,0.0034,461833,0.0021,NA,NA,162826,0.0079,0.357,2.27,18165,1.18,0.137,1.17
1980,Chinese,812178,0.0036,514000,0.0023,252000,0.0011,181361,0.0084,0.366,2.26,19561,1.18,0.135,1.16
1981,Chinese,882247,0.0039,572050,0.0025,293770,0.0013,201385,0.0089,0.374,2.25,21089,1.18,0.133,1.15
1982,Chinese,958684,0.0042,635334,0.0028,338054,0.0015,222848,0.0094,0.38,2.23,22725,1.19,0.132,1.13
1983,Chinese,1040207,0.0045,703178,0.003,384603,0.0017,245685,0.0099,0.384,2.2,24441,1.2,0.131,1.12
1984,Chinese,1125532,0.0048,774910,0.0033,433167,0.0019,269831,0.0105,0.388,2.17,26208,1.2,0.131,1.1
1985,Chinese,1213376,0.0051,849855,0.0036,483498,0.0021,295219,0.011,0.391,2.14,27997,1.21,0.131,1.09
1986,Chinese,1302456,0.0054,927340,0.0039,535346,0.0023,321783,0.0115,0.393,2.11,29779,1.21,0.132,1.08
1987,Chinese,1391488,0.0058,1006691,0.0041,588463,0.0025,349459,0.012,0.396,2.07,31525,1.21,0.133,1.07
1988,Chinese,1479191,0.0061,1087237,0.0044,642600,0.0026,378179,0.0126,0.399,2.05,33206,1.21,0.135,1.07
1989,Chinese,1564280,0.0063,1168302,0.0047,697507,0.0028,407879,0.0131,0.402,2.02,34794,1.21,0.137,1.08
1990,Chinese,1645472,0.0066,1249213,0.005,752936,0.003,438493,0.0136,0.407,2,36259,1.21,0.14,1.09
1991,Chinese,1721956,0.0068,1329418,0.0053,808523,0.0032,469973,0.0141,0.413,1.99,37586,1.21,0.143,1.11
1992,Chinese,1794808,0.007,1408845,0.0055,863445,0.0033,502346,0.0146,0.419,1.98,38815,1.2,0.147,1.14
1993,Chinese,1865576,0.0072,1487543,0.0058,916766,0.0035,535655,0.0151,0.427,1.97,39998,1.19,0.15,1.17
1994,Chinese,1935807,0.0074,1565562,0.006,967548,0.0036,569947,0.0155,0.435,1.97,41188,1.19,0.152,1.2
1995,Chinese,2007048,0.0076,1642949,0.0062,1014855,0.0037,605266,0.016,0.443,1.98,42438,1.18,0.154,1.22
1996,Chinese,2080848,0.0077,1719756,0.0065,1057749,0.0039,641657,0.0164,0.452,1.98,43802,1.18,0.154,1.24
1997,Chinese,2158754,0.0079,1796029,0.0067,1095293,0.004,679163,0.0168,0.46,1.98,45331,1.18,0.153,1.24
1998,Chinese,2242314,0.0081,1871819,0.0069,1126550,0.004,717831,0.0172,0.468,1.98,47079,1.19,0.149,1.23
1999,Chinese,2333075,0.0083,1947175,0.007,1150583,0.0041,757704,0.0176,0.475,1.98,49099,1.2,0.144,1.2
2000,Chinese,2432585,0.0086,2022145,0.0072,1166455,0.0041,798828,0.018,0.481,1.97,51444,1.22,0.135,1.14
2001,Chinese,2541599,0.0089,2096721,0.0074,1173802,0.0041,841192,0.0184,0.486,1.96,54127,1.24,0.124,1.06
2002,Chinese,2657703,0.0092,2170661,0.0075,1174555,0.0041,884562,0.0187,0.49,1.94,57006,1.27,0.11,0.96
2003,Chinese,2777689,0.0095,2243666,0.0076,1171216,0.004,928652,0.019,0.494,1.92,59899,1.3,0.096,0.86
2004,Chinese,2898351,0.0099,2315437,0.0078,1166288,0.004,973174,0.0194,0.497,1.9,62624,1.33,0.083,0.76
2005,Chinese,3016482,0.0102,2385674,0.0079,1162276,0.004,1017838,0.0197,0.499,1.88,65000,1.35,0.072,0.67
2006,Chinese,3128873,0.0105,2454078,0.0081,1161681,0.0039,1062358,0.02,0.502,1.87,66844,1.37,0.065,0.61
2007,Chinese,3232319,0.0108,2520349,0.0082,1167009,0.0039,1106446,0.0204,0.505,1.85,67976,1.38,0.062,0.59
2008,Chinese,3323612,0.011,2584189,0.0084,1180761,0.0039,1149812,0.0207,0.509,1.84,68212,1.37,0.065,0.61
2009,Chinese,3399546,0.0111,2645297,0.0085,1205441,0.0039,1192170,0.021,0.513,1.84,67372,1.34,0.075,0.69
2010,Chinese,3456912,0.0112,2703375,0.0087,1243552,0.004,1233232,0.0214,0.518,1.84,65273,1.3,0.094,0.83
2011,Chinese,3520150,0.0113,2767564,0.0089,1289685,0.0041,1274530,0.0217,0.523,1.84,63399,1.26,0.113,0.97
2012,Chinese,3660659,0.0117,2854788,0.0091,1313202,0.0042,1330903,0.0219,0.526,1.81,66261,1.29,0.106,0.9
2013,Chinese,3781673,0.012,2915620,0.0092,1320776,0.0042,1413267,0.0226,0.534,1.8,68149,1.3,0.106,0.91
2014,Chinese,3941615,0.0124,3032758,0.0095,1382938,0.0043,1478129,0.023,0.534,1.77,69586,1.3,0.106,0.94
2015,Chinese,4133674,0.0129,3203629,0.01,1470466,0.0046,1599006,0.0241,0.546,1.78,71219,1.28,0.103,0.97
2016,Chinese,4214856,0.013,3253217,0.0101,1473707,0.0046,1649430,0.0241,0.552,1.76,73788,1.28,0.104,1.04
2017,Chinese,4344981,0.0133,3331478,0.0102,1492502,0.0046,1733124,0.0245,0.553,1.73,77136,1.28,0.099,1.04
2018,Chinese,4395912,0.0134,3335318,0.0102,1420845,0.0043,1808099,0.0249,0.572,1.75,81487,1.32,0.091,0.98
2019,Chinese,4404678,0.0134,3348155,0.0102,1406225,0.0043,1849271,0.0248,0.577,1.74,86281,1.31,0.081,0.94
2020,Chinese,4389063,0.0133,3334789,0.0101,1399373,0.0043,1872462,0.0243,0.577,1.71,90474,1.29,0.079,0.96
2021,Chinese,4360466,0.0131,3246355,0.0098,1331006,0.004,1894922,0.0237,0.586,1.67,93007,1.33,0.097,1.07
1958,Filipino,107023,6e-4,NA,NA,NA,NA,4343,6e-4,0.055,0.76,2817,0.88,0.218,0.84
1959,Filipino,144985,8e-4,NA,NA,NA,NA,6797,9e-4,0.073,0.94,3771,0.84,0.169,0.82
1960,Filipino,176310,0.001,NA,NA,NA,NA,8843,0.0012,0.09,1.11,4571,0.81,0.133,0.82
1961,Filipino,201830,0.0011,NA,NA,NA,NA,10601,0.0014,0.106,1.26,5239,0.79,0.108,0.83
1962,Filipino,222560,0.0012,NA,NA,NA,NA,12225,0.0016,0.12,1.39,5797,0.79,0.093,0.86
1963,Filipino,239558,0.0013,NA,NA,NA,NA,13875,0.0018,0.134,1.51,6272,0.79,0.086,0.9
1964,Filipino,253884,0.0014,NA,NA,NA,NA,15714,0.002,0.147,1.62,6687,0.81,0.086,0.94
1965,Filipino,266598,0.0014,NA,NA,NA,NA,17902,0.0021,0.159,1.71,7067,0.83,0.091,0.99
1966,Filipino,278759,0.0015,NA,NA,NA,NA,20603,0.0023,0.172,1.8,7438,0.85,0.1,1.03
1967,Filipino,291426,0.0015,NA,NA,NA,NA,23976,0.0025,0.184,1.87,7824,0.88,0.11,1.07
1968,Filipino,305659,0.0016,NA,NA,NA,NA,28184,0.0027,0.197,1.94,8249,0.92,0.121,1.1
1969,Filipino,322517,0.0016,NA,NA,NA,NA,33389,0.003,0.211,2,8739,0.95,0.13,1.12
1970,Filipino,343060,0.0017,217907,0.0011,NA,NA,39751,0.0033,0.225,2.05,9318,0.99,0.137,1.12
1971,Filipino,368145,0.0018,218656,0.0011,NA,NA,47396,0.0036,0.24,2.1,10007,1.03,0.14,1.11
1972,Filipino,397819,0.0019,224418,0.0011,NA,NA,56297,0.004,0.256,2.14,10814,1.06,0.138,1.07
1973,Filipino,431928,0.0021,234926,0.0011,NA,NA,66391,0.0045,0.272,2.18,11742,1.1,0.134,1.03
1974,Filipino,470317,0.0022,249914,0.0012,NA,NA,77616,0.0049,0.289,2.22,12795,1.13,0.127,0.98
1975,Filipino,512833,0.0024,269116,0.0012,NA,NA,89908,0.0054,0.305,2.25,13976,1.17,0.119,0.92
1976,Filipino,559320,0.0026,292264,0.0013,NA,NA,103204,0.0059,0.32,2.27,15288,1.2,0.109,0.85
1977,Filipino,609624,0.0028,319093,0.0014,NA,NA,117441,0.0063,0.335,2.28,16736,1.23,0.099,0.79
1978,Filipino,663591,0.003,349337,0.0015,NA,NA,132556,0.0068,0.348,2.29,18322,1.26,0.088,0.72
1979,Filipino,721066,0.0033,382728,0.0017,NA,NA,148486,0.0073,0.36,2.29,20051,1.29,0.079,0.66
1980,Filipino,781894,0.0035,419000,0.0018,228000,0.001,165168,0.0077,0.37,2.28,21926,1.32,0.071,0.61
1981,Filipino,845788,0.0037,457849,0.002,222841,0.001,182519,0.0081,0.378,2.26,23945,1.34,0.065,0.57
1982,Filipino,911922,0.004,498816,0.0021,220667,0.001,200379,0.0085,0.383,2.24,26082,1.37,0.061,0.54
1983,Filipino,979341,0.0043,541405,0.0023,221280,0.001,218567,0.0088,0.388,2.21,28308,1.39,0.058,0.51
1984,Filipino,1047086,0.0045,585121,0.0025,224482,0.001,236903,0.0092,0.39,2.18,30591,1.41,0.057,0.5
1985,Filipino,1114199,0.0047,629465,0.0026,230077,0.0011,255207,0.0094,0.392,2.14,32901,1.42,0.057,0.49
1986,Filipino,1179722,0.005,673943,0.0028,237865,0.0011,273299,0.0097,0.393,2.1,35207,1.43,0.057,0.48
1987,Filipino,1242699,0.0052,718058,0.003,247650,0.0011,290998,0.0099,0.393,2.06,37478,1.44,0.059,0.48
1988,Filipino,1302171,0.0054,761312,0.0031,259234,0.0011,308124,0.0102,0.393,2.02,39685,1.45,0.06,0.49
1989,Filipino,1357180,0.0056,803211,0.0033,272418,0.0012,324497,0.0103,0.393,1.98,41796,1.46,0.062,0.49
1990,Filipino,1406770,0.0057,843258,0.0034,287006,0.0012,339937,0.0105,0.393,1.94,43780,1.46,0.064,0.5
1991,Filipino,1450438,0.0058,881148,0.0035,302729,0.0012,354410,0.0106,0.394,1.91,45618,1.46,0.066,0.51
1992,Filipino,1489510,0.0059,917342,0.0036,319041,0.0013,368471,0.0108,0.395,1.88,47332,1.46,0.067,0.52
1993,Filipino,1525766,0.006,952494,0.0037,335325,0.0013,382820,0.0109,0.397,1.86,48955,1.45,0.068,0.52
1994,Filipino,1560987,0.006,987256,0.0038,350963,0.0013,398159,0.011,0.4,1.84,50521,1.45,0.068,0.53
1995,Filipino,1596954,0.0061,1022283,0.0039,365338,0.0013,415189,0.0111,0.404,1.82,52063,1.44,0.068,0.53
1996,Filipino,1635448,0.0061,1058227,0.004,377834,0.0014,434610,0.0113,0.409,1.81,53614,1.44,0.068,0.54
1997,Filipino,1678250,0.0062,1095742,0.0041,387833,0.0014,457123,0.0115,0.414,1.8,55207,1.44,0.067,0.54
1998,Filipino,1727141,0.0063,1135480,0.0042,394718,0.0014,483431,0.0117,0.421,1.8,56875,1.43,0.066,0.54
1999,Filipino,1783902,0.0064,1178095,0.0043,397873,0.0014,514232,0.012,0.429,1.8,58651,1.44,0.065,0.54
2000,Filipino,1850314,0.0066,1224240,0.0044,396680,0.0014,550230,0.0124,0.438,1.8,60570,1.44,0.063,0.53
2001,Filipino,1927233,0.0068,1274156,0.0045,390872,0.0014,591646,0.0128,0.448,1.81,62647,1.45,0.061,0.52
2002,Filipino,2011820,0.007,1326434,0.0047,381578,0.0014,636792,0.0133,0.459,1.82,64832,1.46,0.058,0.51
2003,Filipino,2100307,0.0073,1379255,0.0048,370279,0.0013,683501,0.0138,0.469,1.83,67059,1.47,0.056,0.5
2004,Filipino,2188931,0.0075,1430797,0.0049,358454,0.0013,729605,0.0143,0.479,1.83,69260,1.49,0.053,0.48
2005,Filipino,2273926,0.0077,1479240,0.005,347582,0.0013,772939,0.0147,0.488,1.84,71370,1.5,0.05,0.47
2006,Filipino,2351527,0.0079,1522764,0.0051,339143,0.0013,811334,0.0151,0.494,1.83,73320,1.52,0.048,0.45
2007,Filipino,2417969,0.0081,1559548,0.0052,334617,0.0012,842623,0.0153,0.498,1.82,75046,1.53,0.046,0.43
2008,Filipino,2469486,0.0082,1587771,0.0052,335483,0.0012,864641,0.0154,0.498,1.8,76479,1.55,0.045,0.42
2009,Filipino,2502313,0.0082,1605613,0.0052,343221,0.0012,875220,0.0154,0.494,1.77,77553,1.55,0.044,0.4
2010,Filipino,2512686,0.0081,1611254,0.0052,359310,0.0012,872192,0.0151,0.485,1.72,78202,1.56,0.044,0.39
2011,Filipino,2538325,0.0081,1630949,0.0052,378380,0.0012,874722,0.0149,0.476,1.67,78700,1.56,0.047,0.4
2012,Filipino,2658354,0.0085,1703592,0.0054,376494,0.0012,926723,0.0153,0.48,1.65,80172,1.56,0.056,0.47
2013,Filipino,2664606,0.0084,1663509,0.0053,365972,0.0012,930751,0.0149,0.478,1.61,81788,1.57,0.055,0.47
2014,Filipino,2770918,0.0087,1751607,0.0055,383602,0.0012,978769,0.0152,0.477,1.58,82389,1.54,0.051,0.45
2015,Filipino,2848148,0.0089,1802776,0.0056,405625,0.0013,1007931,0.0152,0.475,1.55,84546,1.52,0.046,0.43
2016,Filipino,2811885,0.0087,1777095,0.0055,390961,0.0012,1036644,0.0152,0.492,1.57,88745,1.54,0.045,0.45
2017,Filipino,2911668,0.0089,1810289,0.0056,378350,0.0012,1073145,0.0152,0.492,1.54,90815,1.51,0.041,0.43
2018,Filipino,2920160,0.0089,1841642,0.0056,379378,0.0012,1083775,0.0149,0.488,1.5,92328,1.49,0.045,0.48
2019,Filipino,2983596,0.0091,1841786,0.0056,364674,0.0011,1138698,0.0153,0.498,1.5,100273,1.53,0.041,0.48
2020,Filipino,3029673,0.0092,1817380,0.0056,354012,0.001,1181920,0.0155,0.509,1.5,106361,1.55,0.037,0.46
2021,Filipino,2960811,0.0089,1775894,0.0054,371162,0.0011,1146438,0.0144,0.505,1.44,101157,1.45,0.044,0.48
1980,Hindi,387223,0.0017,203563,9e-4,59740,3e-4,123906,0.0058,0.519,3.2,20598,1.24,0.099,0.85
1981,Hindi,402383,0.0018,295386,0.0012,81652,4e-4,126973,0.0058,0.526,3.16,23808,1.29,0.098,0.82
1982,Hindi,424256,0.0019,364701,0.0015,98329,4e-4,132628,0.0059,0.533,3.13,26805,1.34,0.097,0.8
1983,Hindi,452629,0.002,413364,0.0016,110215,5e-4,140858,0.006,0.54,3.09,29603,1.38,0.096,0.78
1984,Hindi,487291,0.0021,443228,0.0017,117758,5e-4,151652,0.0062,0.547,3.06,32213,1.41,0.096,0.77
1985,Hindi,528029,0.0023,456147,0.0018,121403,5e-4,164996,0.0064,0.553,3.02,34651,1.44,0.096,0.76
1986,Hindi,574632,0.0025,453977,0.0017,121597,5e-4,180880,0.0067,0.559,2.99,36927,1.46,0.096,0.76
1987,Hindi,626887,0.0026,438572,0.0017,118785,5e-4,199289,0.0071,0.565,2.96,39057,1.47,0.096,0.75
1988,Hindi,684583,0.0028,411785,0.0016,113414,5e-4,220213,0.0075,0.57,2.92,41053,1.48,0.096,0.75
1989,Hindi,747507,0.0031,375471,0.0015,105930,4e-4,243639,0.0079,0.576,2.89,42928,1.49,0.097,0.76
1990,Hindi,815447,0.0033,331484,0.0013,96779,4e-4,269554,0.0084,0.581,2.86,44696,1.49,0.097,0.76
1991,Hindi,888146,0.0035,282119,0.0011,86467,4e-4,297952,0.0089,0.586,2.83,46374,1.49,0.097,0.76
1992,Hindi,965166,0.0038,231426,9e-4,75741,3e-4,328845,0.0095,0.591,2.8,47996,1.49,0.097,0.77
1993,Hindi,1046022,0.0041,183898,8e-4,65409,3e-4,362252,0.0101,0.596,2.77,49602,1.48,0.098,0.78
1994,Hindi,1130230,0.0043,144025,6e-4,56276,3e-4,398192,0.0108,0.601,2.74,51231,1.48,0.098,0.78
1995,Hindi,1217306,0.0046,116298,5e-4,49150,2e-4,436682,0.0114,0.607,2.72,52922,1.48,0.098,0.79
1996,Hindi,1306766,0.0049,105209,4e-4,44837,2e-4,477741,0.0121,0.612,2.69,54714,1.47,0.098,0.8
1997,Hindi,1398126,0.0052,115249,5e-4,44146,2e-4,521386,0.0128,0.618,2.67,56645,1.48,0.098,0.8
1998,Hindi,1490902,0.0055,150909,6e-4,47882,2e-4,567638,0.0135,0.625,2.65,58755,1.48,0.098,0.81
1999,Hindi,1584610,0.0057,216681,8e-4,56853,3e-4,616512,0.0143,0.631,2.63,61084,1.49,0.098,0.82
2000,Hindi,1678765,0.006,317055,0.0011,71865,3e-4,668029,0.015,0.639,2.62,63669,1.51,0.098,0.83
2001,Hindi,1773110,0.0063,454325,0.0016,93425,4e-4,722180,0.0157,0.647,2.61,66529,1.53,0.098,0.84
2002,Hindi,1868296,0.0065,621996,0.0021,120836,4e-4,778858,0.0165,0.656,2.6,69594,1.56,0.098,0.85
2003,Hindi,1965197,0.0068,811375,0.0027,153102,5e-4,837926,0.0173,0.665,2.59,72776,1.6,0.097,0.85
2004,Hindi,2064690,0.007,1013767,0.0034,189225,6e-4,899251,0.018,0.673,2.58,75983,1.63,0.095,0.84
2005,Hindi,2167652,0.0073,1220480,0.0041,228207,8e-4,962699,0.0188,0.682,2.58,79125,1.67,0.093,0.82
2006,Hindi,2274959,0.0076,1422822,0.0047,269053,9e-4,1028134,0.0195,0.689,2.57,82112,1.7,0.089,0.8
2007,Hindi,2387486,0.0079,1612097,0.0053,310765,0.001,1095423,0.0203,0.696,2.56,84855,1.74,0.084,0.75
2008,Hindi,2506110,0.0082,1779614,0.0058,352345,0.0011,1164431,0.0211,0.702,2.54,87262,1.77,0.077,0.69
2009,Hindi,2631708,0.0085,1916680,0.0062,392797,0.0013,1235023,0.0219,0.706,2.53,89244,1.79,0.068,0.61
2010,Hindi,2765155,0.0089,2014600,0.0065,431124,0.0014,1307065,0.0227,0.708,2.51,90711,1.81,0.057,0.5
2011,Hindi,2908204,0.0093,2096624,0.0067,459161,0.0015,1389748,0.0236,0.711,2.49,92418,1.83,0.048,0.41
2012,Hindi,3049201,0.0097,2224367,0.0071,455995,0.0015,1498197,0.0247,0.722,2.48,96782,1.88,0.053,0.45
2013,Hindi,3189485,0.0101,2278993,0.0072,462636,0.0015,1583717,0.0254,0.729,2.46,100547,1.92,0.053,0.46
2014,Hindi,3491052,0.0109,2488462,0.0078,520089,0.0016,1727654,0.0269,0.725,2.41,101591,1.89,0.047,0.42
2015,Hindi,3699957,0.0115,2663078,0.0083,545931,0.0017,1866035,0.0282,0.734,2.4,103821,1.86,0.047,0.44
2016,Hindi,3813407,0.0118,2700859,0.0084,532069,0.0016,1944268,0.0284,0.743,2.37,110026,1.91,0.047,0.47
2017,Hindi,4094539,0.0126,2918328,0.009,545727,0.0017,2105311,0.0297,0.746,2.33,114261,1.89,0.041,0.43
2018,Hindi,4161088,0.0127,2949399,0.009,527942,0.0016,2181200,0.03,0.758,2.33,119858,1.94,0.042,0.45
2019,Hindi,4240466,0.0129,3013628,0.0092,533412,0.0016,2238502,0.0301,0.757,2.29,126705,1.93,0.037,0.43
2020,Hindi,4331584,0.0132,3079941,0.0094,543255,0.0016,2289548,0.0299,0.755,2.23,134219,1.93,0.033,0.41
2021,Hindi,4402223,0.0133,3084577,0.0093,530547,0.0016,2336589,0.0293,0.768,2.19,141906,2.04,0.041,0.45
1958,Japanese,273068,0.0016,NA,NA,NA,NA,15286,0.0022,0.088,1.25,3543,1.05,0.22,0.85
1959,Japanese,380089,0.0022,NA,NA,NA,NA,22941,0.0031,0.1,1.31,5013,1.09,0.169,0.82
1960,Japanese,464332,0.0026,NA,NA,NA,NA,29164,0.0038,0.11,1.36,6271,1.12,0.128,0.79
1961,Japanese,527817,0.0029,NA,NA,NA,NA,34118,0.0043,0.118,1.39,7339,1.15,0.097,0.76
1962,Japanese,573042,0.0031,NA,NA,NA,NA,38007,0.0047,0.124,1.42,8241,1.18,0.075,0.74
1963,Japanese,602622,0.0033,NA,NA,NA,NA,41044,0.0049,0.13,1.43,9003,1.21,0.061,0.71
1964,Japanese,619172,0.0033,NA,NA,NA,NA,43441,0.005,0.134,1.44,9650,1.23,0.053,0.69
1965,Japanese,625306,0.0033,NA,NA,NA,NA,45412,0.0051,0.137,1.45,10207,1.26,0.051,0.67
1966,Japanese,623641,0.0032,NA,NA,NA,NA,47169,0.005,0.141,1.45,10699,1.28,0.053,0.66
1967,Japanese,616792,0.0032,NA,NA,NA,NA,48926,0.0049,0.144,1.45,11150,1.29,0.057,0.64
1968,Japanese,607374,0.0031,NA,NA,NA,NA,50895,0.0049,0.148,1.45,11587,1.31,0.063,0.63
1969,Japanese,598001,0.003,NA,NA,NA,NA,53290,0.0048,0.153,1.45,12033,1.32,0.069,0.62
1970,Japanese,591290,0.0029,408504,0.002,NA,NA,56323,0.0047,0.159,1.45,12515,1.33,0.075,0.61
1971,Japanese,589326,0.0029,368046,0.0018,NA,NA,60164,0.0047,0.166,1.46,13055,1.34,0.079,0.6
1972,Japanese,592076,0.0028,334505,0.0016,NA,NA,64806,0.0047,0.175,1.47,13666,1.34,0.081,0.6
1973,Japanese,598978,0.0028,307464,0.0015,NA,NA,70198,0.0048,0.185,1.49,14360,1.35,0.082,0.6
1974,Japanese,609470,0.0029,286503,0.0014,NA,NA,76290,0.0049,0.196,1.51,15149,1.35,0.081,0.59
1975,Japanese,622990,0.0029,271205,0.0013,NA,NA,83032,0.005,0.207,1.53,16045,1.35,0.08,0.59
1976,Japanese,638976,0.0029,261150,0.0013,NA,NA,90373,0.0051,0.219,1.55,17058,1.35,0.077,0.59
1977,Japanese,656865,0.003,255921,0.0012,NA,NA,98262,0.0053,0.23,1.57,18200,1.35,0.074,0.58
1978,Japanese,676095,0.0031,255098,0.0012,NA,NA,106650,0.0055,0.242,1.59,19483,1.35,0.071,0.58
1979,Japanese,696105,0.0031,258264,0.0012,NA,NA,115485,0.0056,0.253,1.61,20918,1.36,0.068,0.57
1980,Japanese,716331,0.0032,265000,0.0012,126000,6e-4,124717,0.0058,0.264,1.63,22517,1.36,0.065,0.56
1981,Japanese,736253,0.0033,274878,0.0012,135170,6e-4,134284,0.006,0.274,1.64,24283,1.36,0.062,0.55
1982,Japanese,755512,0.0033,287436,0.0013,144726,7e-4,144080,0.0061,0.283,1.66,26185,1.37,0.06,0.53
1983,Japanese,773790,0.0034,302199,0.0013,154579,7e-4,153984,0.0062,0.292,1.67,28184,1.38,0.059,0.52
1984,Japanese,790769,0.0034,318698,0.0014,164641,7e-4,163878,0.0063,0.3,1.67,30242,1.38,0.058,0.51
1985,Japanese,806131,0.0034,336458,0.0014,174824,8e-4,173643,0.0064,0.308,1.68,32319,1.39,0.058,0.5
1986,Japanese,819558,0.0034,355008,0.0015,185039,8e-4,183160,0.0065,0.315,1.69,34376,1.39,0.059,0.49
1987,Japanese,830733,0.0035,373875,0.0015,195199,8e-4,192311,0.0066,0.323,1.69,36374,1.39,0.06,0.5
1988,Japanese,839337,0.0035,392587,0.0016,205214,9e-4,200977,0.0067,0.33,1.69,38274,1.39,0.063,0.5
1989,Japanese,845053,0.0034,410672,0.0017,214997,9e-4,209038,0.0067,0.338,1.7,40038,1.39,0.066,0.52
1990,Japanese,847562,0.0034,427657,0.0017,224460,9e-4,216376,0.0067,0.345,1.7,41626,1.38,0.07,0.55
1991,Japanese,846717,0.0034,443115,0.0017,233468,9e-4,222913,0.0067,0.353,1.7,43012,1.37,0.075,0.59
1992,Japanese,843052,0.0033,456797,0.0018,241704,9e-4,228738,0.0067,0.361,1.71,44221,1.36,0.081,0.64
1993,Japanese,837271,0.0032,468502,0.0018,248806,9e-4,233981,0.0066,0.369,1.71,45290,1.34,0.087,0.69
1994,Japanese,830078,0.0032,478025,0.0018,254411,9e-4,238770,0.0066,0.377,1.72,46259,1.32,0.093,0.74
1995,Japanese,822178,0.0031,485164,0.0018,258156,9e-4,243235,0.0065,0.384,1.72,47164,1.31,0.098,0.78
1996,Japanese,814273,0.003,489717,0.0018,259679,9e-4,247507,0.0064,0.392,1.72,48043,1.29,0.101,0.82
1997,Japanese,807069,0.0029,491479,0.0018,258616,9e-4,251714,0.0063,0.399,1.73,48934,1.27,0.104,0.85
1998,Japanese,801269,0.0029,490248,0.0017,254606,9e-4,255987,0.0062,0.406,1.73,49876,1.26,0.104,0.86
1999,Japanese,797578,0.0028,485821,0.0017,247285,8e-4,260455,0.0061,0.413,1.72,50905,1.25,0.102,0.85
2000,Japanese,796700,0.0028,477995,0.0017,236290,8e-4,265248,0.006,0.419,1.72,52060,1.24,0.097,0.82
2001,Japanese,799016,0.0028,466724,0.0017,221488,7e-4,270437,0.0059,0.424,1.71,53364,1.24,0.089,0.76
2002,Japanese,803615,0.0028,452592,0.0016,203659,7e-4,275866,0.0058,0.429,1.71,54784,1.24,0.079,0.69
2003,Japanese,809264,0.0028,436340,0.0016,183814,6e-4,281317,0.0057,0.434,1.7,56272,1.24,0.067,0.6
2004,Japanese,814729,0.0028,418707,0.0016,162960,5e-4,286576,0.0056,0.439,1.69,57779,1.25,0.055,0.5
2005,Japanese,818778,0.0028,400435,0.0015,142109,4e-4,291427,0.0055,0.443,1.68,59258,1.26,0.044,0.41
2006,Japanese,820177,0.0028,382265,0.0014,122269,4e-4,295654,0.0054,0.448,1.67,60661,1.27,0.035,0.34
2007,Japanese,817691,0.0028,364936,0.0014,104451,3e-4,299042,0.0054,0.454,1.67,61939,1.27,0.028,0.28
2008,Japanese,810089,0.0027,349191,0.0013,89663,3e-4,301375,0.0053,0.46,1.67,63046,1.28,0.026,0.25
2009,Japanese,796137,0.0026,335768,0.0012,78915,2e-4,302438,0.0052,0.466,1.67,63932,1.29,0.027,0.26
2010,Japanese,774600,0.0025,325410,0.0011,73217,2e-4,302015,0.0052,0.474,1.68,64551,1.29,0.035,0.31
2011,Japanese,756898,0.0024,319900,0.001,72297,2e-4,304744,0.0052,0.483,1.69,66146,1.31,0.045,0.38
2012,Japanese,780210,0.0025,325849,0.001,73642,2e-4,321407,0.0053,0.49,1.68,71029,1.38,0.044,0.37
2013,Japanese,794441,0.0025,338418,0.0011,78851,2e-4,325906,0.0052,0.488,1.65,70756,1.35,0.04,0.34
2014,Japanese,759056,0.0024,320812,0.001,75391,2e-4,321710,0.005,0.501,1.66,70261,1.31,0.038,0.34
2015,Japanese,757468,0.0024,321151,0.001,74507,2e-4,321348,0.0049,0.509,1.66,74548,1.34,0.044,0.42
2016,Japanese,789830,0.0024,344652,0.0011,81683,3e-4,341142,0.005,0.511,1.63,76175,1.32,0.043,0.43
2017,Japanese,770546,0.0024,330062,0.001,73934,2e-4,338363,0.0048,0.52,1.62,79504,1.32,0.038,0.4
2018,Japanese,782776,0.0024,338743,0.001,78250,2e-4,351411,0.0048,0.528,1.62,80036,1.29,0.048,0.52
2019,Japanese,755672,0.0023,327544,0.001,72060,2e-4,344514,0.0046,0.537,1.62,85007,1.29,0.039,0.45
2020,Japanese,726146,0.0022,312508,0.001,65716,2e-4,335269,0.0044,0.544,1.61,89582,1.29,0.03,0.37
2021,Japanese,742549,0.0022,316515,0.001,73115,2e-4,346932,0.0043,0.546,1.56,87789,1.26,0.045,0.49
1970,Korean,74264,4e-4,53528,3e-4,NA,NA,13669,0.0011,0.363,3.3,9176,0.97,0.3,2.21
1971,Korean,83544,5e-4,38811,2e-4,NA,NA,15709,0.0012,0.36,3.13,9769,1,0.266,2
1972,Korean,97912,5e-4,31662,2e-4,NA,NA,18362,0.0014,0.358,2.97,10443,1.03,0.237,1.81
1973,Korean,117045,6e-4,31614,2e-4,NA,NA,21635,0.0016,0.355,2.82,11194,1.05,0.211,1.65
1974,Korean,140622,7e-4,38203,2e-4,NA,NA,25536,0.0017,0.352,2.69,12015,1.07,0.188,1.51
1975,Korean,168322,8e-4,50962,2e-4,NA,NA,30070,0.0019,0.349,2.56,12903,1.08,0.169,1.38
1976,Korean,199822,0.001,69425,3e-4,NA,NA,35246,0.0021,0.346,2.45,13851,1.09,0.153,1.27
1977,Korean,234801,0.0011,93126,4e-4,NA,NA,41069,0.0023,0.344,2.34,14855,1.1,0.14,1.19
1978,Korean,272937,0.0013,121599,5e-4,NA,NA,47547,0.0025,0.341,2.25,15908,1.1,0.13,1.11
1979,Korean,313908,0.0014,154379,7e-4,NA,NA,54687,0.0027,0.339,2.16,17007,1.1,0.122,1.05
1980,Korean,357393,0.0016,191000,8e-4,133000,6e-4,62495,0.0029,0.337,2.08,18145,1.1,0.117,1.01
1981,Korean,403009,0.0018,230956,0.001,158447,7e-4,70957,0.0031,0.335,2.01,19317,1.1,0.114,0.98
1982,Korean,450129,0.002,273584,0.0011,184049,8e-4,79970,0.0033,0.334,1.95,20516,1.09,0.112,0.96
1983,Korean,498068,0.0021,318181,0.0013,209714,9e-4,89411,0.0036,0.333,1.89,21734,1.08,0.112,0.95
1984,Korean,546137,0.0023,364045,0.0015,235352,0.001,99156,0.0038,0.333,1.85,22965,1.07,0.114,0.95
1985,Korean,593651,0.0025,410473,0.0017,260873,0.0011,109080,0.004,0.333,1.81,24200,1.06,0.116,0.95
1986,Korean,639923,0.0027,456762,0.0019,286185,0.0012,119060,0.0042,0.334,1.78,25432,1.05,0.119,0.97
1987,Korean,684266,0.0028,502210,0.002,311199,0.0013,128973,0.0044,0.335,1.75,26654,1.03,0.123,0.99
1988,Korean,725992,0.003,546113,0.0022,335823,0.0013,138693,0.0046,0.338,1.73,27858,1.02,0.128,1.01
1989,Korean,764415,0.0031,587770,0.0024,359966,0.0014,148098,0.0047,0.341,1.71,29037,1.01,0.132,1.04
1990,Korean,798849,0.0032,626478,0.0025,383539,0.0015,157063,0.0049,0.345,1.7,30184,1,0.137,1.07
1991,Korean,828910,0.0033,661731,0.0026,406415,0.0016,165573,0.005,0.35,1.69,31292,0.99,0.141,1.1
1992,Korean,855434,0.0034,693813,0.0027,428329,0.0016,174050,0.0052,0.356,1.69,32364,0.98,0.145,1.13
1993,Korean,879557,0.0034,723205,0.0028,448980,0.0017,183024,0.0053,0.363,1.69,33403,0.97,0.148,1.16
1994,Korean,902420,0.0035,750389,0.0029,468066,0.0018,193024,0.0054,0.371,1.7,34412,0.97,0.151,1.19
1995,Korean,925160,0.0035,775846,0.003,485288,0.0018,204581,0.0056,0.38,1.71,35395,0.96,0.153,1.21
1996,Korean,948916,0.0036,800056,0.003,500345,0.0019,218225,0.0057,0.389,1.72,36355,0.96,0.154,1.23
1997,Korean,974827,0.0036,823502,0.0031,512935,0.0019,234486,0.0059,0.4,1.74,37296,0.95,0.154,1.25
1998,Korean,1004031,0.0037,846665,0.0031,522758,0.0019,253894,0.0062,0.412,1.76,38221,0.95,0.153,1.26
1999,Korean,1037666,0.0037,870026,0.0032,529513,0.0019,276979,0.0065,0.424,1.78,39133,0.95,0.151,1.26
2000,Korean,1076872,0.0038,894065,0.0032,532900,0.0019,304272,0.0068,0.438,1.8,40037,0.95,0.148,1.25
2001,Korean,1122217,0.0039,919079,0.0032,532792,0.0019,335912,0.0072,0.452,1.82,40936,0.95,0.144,1.23
2002,Korean,1171990,0.004,944623,0.0033,529765,0.0018,370482,0.0076,0.467,1.85,41839,0.96,0.138,1.21
2003,Korean,1223913,0.0041,970064,0.0033,524568,0.0018,406173,0.0081,0.482,1.87,42755,0.96,0.133,1.18
2004,Korean,1275706,0.0042,994772,0.0033,517951,0.0018,441178,0.0085,0.496,1.89,43693,0.96,0.127,1.15
2005,Korean,1325090,0.0043,1018115,0.0034,510665,0.0017,473688,0.0089,0.508,1.91,44663,0.97,0.122,1.12
2006,Korean,1369784,0.0044,1039463,0.0034,503458,0.0017,501895,0.0092,0.519,1.92,45674,0.98,0.117,1.09
2007,Korean,1407509,0.0045,1058184,0.0034,497082,0.0016,523991,0.0095,0.526,1.93,46736,0.99,0.114,1.06
2008,Korean,1435986,0.0046,1073647,0.0035,492285,0.0016,538169,0.0096,0.531,1.92,47857,0.99,0.113,1.04
2009,Korean,1452935,0.0046,1085220,0.0035,489818,0.0016,542620,0.0095,0.532,1.91,49047,1,0.114,1.04
2010,Korean,1456076,0.0047,1092273,0.0035,490431,0.0016,535536,0.0093,0.529,1.88,50316,1.01,0.118,1.04
2011,Korean,1449876,0.0047,1093477,0.0035,490971,0.0016,527274,0.009,0.526,1.85,51625,1.02,0.122,1.04
2012,Korean,1450401,0.0046,1079579,0.0034,472856,0.0015,549210,0.009,0.536,1.84,53760,1.05,0.116,0.98
2013,Korean,1446592,0.0046,1054324,0.0033,442816,0.0014,560635,0.009,0.539,1.82,58004,1.11,0.105,0.91
2014,Korean,1476577,0.0046,1084406,0.0034,460873,0.0014,578648,0.009,0.544,1.81,58573,1.09,0.101,0.89
2015,Korean,1460483,0.0045,1061271,0.0033,437244,0.0014,583100,0.0088,0.547,1.79,63008,1.13,0.098,0.92
2016,Korean,1438915,0.0045,1045380,0.0032,432787,0.0013,593190,0.0087,0.556,1.78,63677,1.11,0.093,0.93
2017,Korean,1477282,0.0045,1048468,0.0032,413096,0.0013,623649,0.0088,0.563,1.76,67870,1.12,0.087,0.92
2018,Korean,1468279,0.0045,1034265,0.0032,408535,0.0012,653048,0.009,0.584,1.79,72074,1.16,0.078,0.84
2019,Korean,1461843,0.0045,1024438,0.0031,389286,0.0012,656784,0.0088,0.589,1.78,76674,1.17,0.072,0.84
2020,Korean,1456988,0.0045,1016849,0.003,372784,0.0012,657982,0.0085,0.591,1.75,80704,1.17,0.072,0.87
2021,Korean,1445315,0.0044,1006490,0.003,381460,0.0011,683037,0.0086,0.607,1.73,82946,1.19,0.079,0.87
1980,Vietnamese,245025,0.0011,197588,9e-4,156809,7e-4,13226,6e-4,0.129,0.8,12549,0.76,0.355,3.06
1981,Vietnamese,270892,0.0012,207302,9e-4,148472,7e-4,15765,7e-4,0.137,0.82,13938,0.79,0.347,2.94
1982,Vietnamese,299605,0.0013,222701,0.001,146886,7e-4,18596,8e-4,0.144,0.84,15418,0.81,0.338,2.82
1983,Vietnamese,331021,0.0015,243421,0.0011,151582,7e-4,21729,9e-4,0.15,0.85,16982,0.84,0.329,2.71
1984,Vietnamese,364996,0.0016,269101,0.0012,162089,7e-4,25174,9e-4,0.155,0.86,18625,0.86,0.32,2.6
1985,Vietnamese,401387,0.0018,299379,0.0013,177938,8e-4,28941,0.001,0.16,0.87,20340,0.88,0.31,2.49
1986,Vietnamese,440050,0.0019,333893,0.0014,198659,8e-4,33039,0.0011,0.164,0.87,22120,0.91,0.3,2.39
1987,Vietnamese,480840,0.002,372281,0.0015,223782,9e-4,37479,0.0013,0.167,0.87,23960,0.93,0.289,2.29
1988,Vietnamese,523616,0.0022,414181,0.0017,252837,0.001,42270,0.0014,0.17,0.87,25853,0.95,0.278,2.19
1989,Vietnamese,568233,0.0023,459231,0.0018,285353,0.0012,47423,0.0015,0.172,0.87,27792,0.97,0.268,2.1
1990,Vietnamese,614547,0.0025,507069,0.002,320862,0.0013,52946,0.0016,0.174,0.86,29772,0.99,0.257,2.01
1991,Vietnamese,662398,0.0027,557284,0.0022,358823,0.0014,58854,0.0017,0.175,0.85,31780,1.01,0.246,1.92
1992,Vietnamese,711558,0.0028,609266,0.0024,398415,0.0016,65178,0.0019,0.177,0.85,33785,1.03,0.236,1.84
1993,Vietnamese,761782,0.003,662356,0.0025,438748,0.0017,71951,0.002,0.178,0.84,35746,1.05,0.225,1.77
1994,Vietnamese,812823,0.0031,715894,0.0027,478932,0.0019,79208,0.0021,0.179,0.83,37628,1.06,0.215,1.69
1995,Vietnamese,864438,0.0033,769221,0.0029,518076,0.002,86982,0.0023,0.18,0.82,39390,1.07,0.205,1.62
1996,Vietnamese,916381,0.0034,821679,0.0031,555290,0.0021,95309,0.0024,0.182,0.81,40996,1.08,0.195,1.56
1997,Vietnamese,968407,0.0036,872607,0.0032,589683,0.0022,104222,0.0025,0.184,0.81,42406,1.09,0.186,1.5
1998,Vietnamese,1020270,0.0037,921347,0.0034,620364,0.0023,113755,0.0027,0.187,0.8,43583,1.09,0.177,1.45
1999,Vietnamese,1071725,0.0039,967240,0.0035,646443,0.0024,123943,0.0028,0.19,0.8,44489,1.08,0.168,1.4
2000,Vietnamese,1122528,0.004,1009625,0.0036,667030,0.0024,134820,0.003,0.194,0.8,45085,1.07,0.16,1.36
2001,Vietnamese,1172517,0.0041,1048092,0.0037,681584,0.0024,146400,0.0032,0.199,0.8,45360,1.05,0.153,1.32
2002,Vietnamese,1221871,0.0042,1083220,0.0038,690968,0.0024,158615,0.0033,0.205,0.81,45408,1.03,0.146,1.29
2003,Vietnamese,1270853,0.0044,1115836,0.0038,696394,0.0023,171379,0.0035,0.211,0.82,45350,1.01,0.14,1.27
2004,Vietnamese,1319725,0.0045,1146768,0.0039,699074,0.0022,184603,0.0036,0.217,0.82,45308,0.99,0.135,1.24
2005,Vietnamese,1368750,0.0046,1176842,0.0039,700220,0.0022,198200,0.0038,0.224,0.84,45401,0.97,0.131,1.23
2006,Vietnamese,1418190,0.0047,1206886,0.004,701045,0.0022,212083,0.004,0.231,0.85,45753,0.96,0.128,1.21
2007,Vietnamese,1468309,0.0049,1237726,0.004,702761,0.0021,226163,0.0041,0.237,0.86,46483,0.96,0.127,1.2
2008,Vietnamese,1519370,0.005,1270191,0.0041,706582,0.0021,240355,0.0043,0.243,0.87,47712,0.97,0.127,1.19
2009,Vietnamese,1571634,0.0051,1305106,0.0042,713718,0.0022,254569,0.0045,0.248,0.88,49562,1,0.129,1.18
2010,Vietnamese,1625365,0.0053,1343300,0.0043,725382,0.0023,268719,0.0047,0.252,0.89,52153,1.04,0.132,1.17
2011,Vietnamese,1669447,0.0054,1377638,0.0044,734281,0.0024,279926,0.0048,0.254,0.89,54670,1.08,0.137,1.17
2012,Vietnamese,1675246,0.0053,1382539,0.0044,716155,0.0023,287086,0.0047,0.257,0.88,55022,1.07,0.14,1.19
2013,Vietnamese,1692760,0.0054,1382274,0.0044,704960,0.0022,316841,0.0051,0.279,0.94,57441,1.1,0.134,1.16
2014,Vietnamese,1714143,0.0054,1405697,0.0044,722528,0.0023,335397,0.0052,0.284,0.94,59405,1.11,0.128,1.13
2015,Vietnamese,1738848,0.0054,1421196,0.0044,726231,0.0023,339546,0.0051,0.285,0.93,60983,1.09,0.125,1.18
2016,Vietnamese,1803575,0.0056,1466322,0.0045,736094,0.0023,355861,0.0052,0.286,0.91,62958,1.09,0.111,1.11
2017,Vietnamese,1826998,0.0056,1456939,0.0045,712443,0.0022,387702,0.0055,0.304,0.95,64586,1.07,0.107,1.13
2018,Vietnamese,1862395,0.0057,1484174,0.0045,715372,0.0022,409678,0.0056,0.313,0.96,67331,1.09,0.105,1.13
2019,Vietnamese,1873707,0.0057,1513311,0.0046,729416,0.0022,428493,0.0058,0.32,0.97,72161,1.1,0.083,0.97
2020,Vietnamese,1877524,0.0057,1513660,0.0046,728972,0.0022,445968,0.0059,0.328,0.98,76583,1.11,0.071,0.89
2021,Vietnamese,1896690,0.0057,1458277,0.0044,689765,0.0021,462866,0.0058,0.339,0.97,77884,1.12,0.104,1.14
